@title,KOOS-JR
التعليمات: هذا الاستبيان يطلب رأيك حول ركبتك ويساعدنا في فهم مدى قدرتك على إكمال أنشطتك العادية. الرجاء الإجابة على كل سؤال باختيار إجابة واحدة فقط. إذا كنت غير متأكد من كيفية الإجابة على سؤال ما، يرجى إعطاء أفضل إجابة يمكنك تقديمها.
الصلابة
الصلابة هي شعور بالقيود أو البطء في السهولة التي تتحرك بها مفصل الركبة.
ما هو مستوى صلابة الركبة التي شعرت بها خلال الأسبوع الماضي أثناء الأنشطة التالية؟
ما مدى شدة تيبس ركبتك بعد الاستيقاظ صباحًا؟,0- لا شيء,1- خفيف,2- معتدل,3- شديد,4- شديد جدًا
الألم
ما هو مستوى ألم الركبة الذي شعرت به خلال الأسبوع الماضي أثناء الأنشطة التالية؟
التحرك بطريقة تتطلب التواء أو تدوير الركبة المصابة,0- لا شيء,1- خفيف,2- معتدل,3- شديد,4- شديد جدًا
عند محاولة تمديد الركبة بالكامل,0- لا شيء,1- خفيف,2- معتدل,3- شديد,4- شديد جدًا
الصعود أو النزول من الدرج,0- لا شيء,1- خفيف,2- معتدل,3- شديد,4- شديد جدًا
الوقوف بشكل مستقيم,0- لا شيء,1- خفيف,2- معتدل,3- شديد,4- شديد جدًا
الوظيفة
الحياة اليومية توضح قدرة المريض على التحرك والعناية بنفسه. بالنسبة لكل من الأنشطة التالية، يرجى تحديد درجة الصعوبة التي واجهتها خلال الأسبوع الماضي بسبب ركبتك.
النهوض من الجلوس,0- لا شيء,1- خفيف,2- معتدل,3- شديد,4- شديد جدًا
الانحناء إلى الأرض / التقاط شيء ما,0- لا شيء,1- خفيف,2- معتدل,3- شديد,4- شديد جدًا
